ASIN,LOCALE,"BB SELLER",BB_SELLER_LINK,PRICE,CURRENCY,"DELIVERY MESSAGE","SHIPPING PRICE","SHIPPING MESSAGE",AVAILABILITY,DESCRIPTION,"IS APLUS","APLUS DESCRIPTION",TIMESTAMP
B01GYEZDJ8,it,"Venduto e spedito da ORMEOUTLET.",/gp/offer-listing/B01GYEZDJ8/ref=dp_olp_new?ie=UTF8&amp;condition=new,"57,20","EUR ","Ricevilo entro 23 - 28 apr. con la modalità Spedizione standard . Dettagli"," Spedizione GRATUITA",-,"Disponibilità immediata.","Dal gusto equilibrato e rotondo, corposa, cremosa e allo stesso tempo tostata e dosata un caffè unico, morbido e da far invidia al tuo bar di fiducia. Disponibile in cialde e capsule. COMPATIBILI CON: Kelly - Agostani Como cup - Agostani Little - Agostani Maya - Agostani Ep 2100 - Lavazza El 3200 - Lavazza Inox - Lavazza Kimbo Capsy SLG NON COMPATIBILE CON: LB1000 - Extra Saeco - Ep850 - Lavazza Lb 850 - Lavazza ep 2500 - Ep 1800 Lavazza time",0,-,"2018-04-17 22:59:29"
B01MAUVM20,it,"Venduto e spedito da ORMEOUTLET.",/gp/offer-listing/B01MAUVM20/ref=dp_olp_new?ie=UTF8&amp;condition=new,"82,00","EUR ","Ricevilo entro 23 - 28 apr. con la modalità Spedizione standard . Dettagli"," Spedizione GRATUITA",-,"Disponibilità immediata.","Dal gusto equilibrato e rotondo, corposa, cremosa e allo stesso tempo tostata e dosata un caffè unico, morbido e da far invidia al tuo bar di fiducia.",0,-,"2018-04-17 22:59:30"
B01F54A2V2,it,"Venduto e spedito da 3P SHOP.",/gp/offer-listing/B01F54A2V2/ref=dp_olp_new?ie=UTF8&amp;condition=new,"110,00","EUR ","Ricevilo entro 21 - 26 apr. con la modalità Spedizione standard . Dettagli"," Spedizione GRATUITA",-,"Disponibilità immediata.","Taglia:4 Per i veri intenditori, la massima espressione della tradizione napoletana.",0,-,"2018-04-17 22:59:42"
B00QIUFPII,it,"Venduto e spedito da SEDICICAFFE.",/gp/offer-listing/B00QIUFPII/ref=dp_olp_new?ie=UTF8&amp;condition=new,"67,80","EUR ","Ricevilo entro 21 - 26 apr. con la modalità Spedizione standard . Dettagli"," Spedizione GRATUITA",-,"Disponibilità immediata.","400 capsule caffè Borbone monodose Miscela Rossa Miscela forte, decisa, corposa e dal gusto netto, perfetta per una carica d'energia! Adattabile alle più comuni macchine per capsule come: - sgl capsy - sgl capsy lux - sgl rotary - gimoka maya - lavazza el 3100 - lavazza ep 800 - lavazza el 3200 - lavazza ep 2100 Confezioni da 400 capsule monodose ad un prezzo imperdibile!!! Misure capsula: - Altezza 2,0 cm - Larghezza superiore 3,9 cm - Larghezza inferiore 3,5 cm Scadenza minimo 12 mesi. Acquista più oggetti e paghi sempre una sola spedizione !!! Per una consegna più precisa è consigliabile lasciare un recapito telefonico, Nel caso in cui gli oggetti acquistati presentassero qualche problema o non siete soddisfatti, non esitate a contattarci !!!. I costi di spedizione, ove previsti e non, fanno riferimento a territorio Italiano mentre sono calcolati in base al peso per Paesi esteri. Per il contrassegno + 5,00 €.",0,-,"2018-04-17 22:59:52"
B074Y927GQ,it,"Venduto e spedito da Easycialde.",/gp/offer-listing/B074Y927GQ/ref=dp_olp_new?ie=UTF8&amp;condition=new,"166,20","EUR ","Ricevilo entro 21 - 24 apr. con la modalità Spedizione standard . Dettagli"," Spedizione GRATUITA",-,"Disponibilità immediata.","La massima espressione della tradizione napoletana, gusto pieno e persistente. Disponibile in: cialde, capsule. Compatibili Nespresso Compatibili con: Pixie - De Longhi Essenza - Krups Citiz - De Longhi Essenza - De Longhi Espressina x Nespresso Citiz - Krups Pixie - Krups Espresso 1882 - Polti Inissia - Krups NON COMPATIBILI: U - De Longhi Premium - De Longhi",0,-,"2018-04-17 23:00:04"
B019RY0BD0,it,"Venduto e spedito da ORMEOUTLET.",/gp/offer-listing/B019RY0BD0/ref=dp_olp_new?ie=UTF8&amp;condition=new,"82,00","EUR ","Ricevilo entro 23 - 28 apr. con la modalità Spedizione standard . Dettagli"," Spedizione GRATUITA",-,"Disponibilità immediata.",-,0,-,"2018-04-17 23:00:13"
B075VRDVRB,it,"Venduto e spedito da BELOTTI DISTRIBUTION.",/gp/offer-listing/B075VRDVRB/ref=dp_olp_new?ie=UTF8&amp;condition=new,"155,71","EUR ","Nessun venditore spedisce attualmente questo prodotto in Regno Unito (isola principale) . Maggiori informazioni"," EUR 4,90 di spedizione",-,"Disponibilità: solo 5","Dal gusto equilibrato e rotondo, corposa, cremosa e allo stesso tempo tostata e dosata un caffè unico, morbido e da far invidia al tuo bar di fiducia. Disponibile in cialde e capsule. Macchine compatibili: Kelly - Agostani Como cup - Agostani Little - Agostani Maya - Agostani Ep 2100 - Lavazza El 3200 - Lavazza Inox - Lavazza Kimbo Capsy SLG NON COMPATIBILE CON: LB1000 - Lavazza Extra - Saeco Ep850 - Lavazza Lb 850 - Lavazza Piccina - Saeco Ep800 - Lavazza Ep950 - Lavazza Espresso e cappuccino - Lavazza ECL 101 - Lavazza",0,-,"2018-04-17 23:00:16"
B01F546GR6,it,,/gp/offer-listing/B01F546GR6/ref=dp_olp_new?ie=UTF8&amp;condition=new,0,-,-,-,-,"Disponibile presso questi venditori.","Taglia:3 Nata per offrire qualità e convenienza.",0,-,"2018-04-17 23:00:25"
B01N5L1Y3S,it,,/gp/offer-listing/B01N5L1Y3S/ref=dp_olp_new?ie=UTF8&amp;condition=new,0,-,-,-,-,"Disponibile presso questi venditori.","Dal gusto equilibrato e rotondo, corposa, cremosa e allo stesso tempo tostata e dosata un caffè unico, morbido e da far invidia al tuo bar di fiducia. Disponibile in: cialde, capsule. MACCHINE COMPATIBILI: Piccina - Saeco Extra - Saeco Favola - Electrolux Minù - Lavazza Minù caffè latte - Lavazza Espressgo - Lavazza Espria Ebony - Lavazza Magia - Lavazza NON COMPATIBILE CON: Como cup - Agostani Ep2100 - Lavazza Lb1000 - Lavazza Little - Agostani EP850 - Lavazza LB850 - Lavazza EL3200 - Lavazza Inox - Lavazza ECL 101 - Lavazza Espresso e cappuccino - Lavazza",0,-,"2018-04-17 23:00:48"
B01F5476Q6,it,"Venduto e spedito da ORMEOUTLET.",/gp/offer-listing/B01F5476Q6/ref=dp_olp_new?ie=UTF8&amp;condition=new,"42,60","EUR ","Ricevilo entro 23 - 28 apr. con la modalità Spedizione standard . Dettagli"," Spedizione GRATUITA",-,"Disponibilità immediata.","Taglia:2 Conserva crema, corpo, gusto e tutta la dolcezza del perfetto espresso, ma... decaffeinato.",0,-,"2018-04-17 23:01:00"
B01N9CC56A,it,,-,0,-,-,-,-,"Attualmente non disponibile. Ancora non sappiamo quando l'articolo sarà di nuovo disponibile.",-,0,-,"2018-04-17 23:01:22"
B01N3QOOOI,it,,/gp/offer-listing/B01N3QOOOI/ref=dp_olp_new?ie=UTF8&amp;condition=new,0,-,-,-,-,"Disponibile presso questi venditori.","La miscela perfetta per chi non sa rinunciare al gusto del classico e inimitabile espresso napoletano, arricchito da una piacevole consistenza cremosa e soffice. Il dosaggio equilibrato di qualità Arabica e qualità Robusta, nonchè il giusto livello di tostatura rendono questa miscela davvero unica, proprio come l'intramontabile espresso napoletano.",0,-,"2018-04-17 23:03:30"
B01F546YR8,it,"Venduto e spedito da DeraShop.",/gp/offer-listing/B01F546YR8/ref=dp_olp_new?ie=UTF8&amp;condition=new,"51,20","EUR ","Ricevilo entro 21 - 26 apr. con la modalità Spedizione standard . Dettagli"," Spedizione GRATUITA",-,"Disponibilità immediata.","Forte, decisa, corposa e dal gusto netto, giusta per darvi una carica d'energia.",0,-,"2018-04-17 23:05:59"
B00QIUGZNM,it,,/gp/offer-listing/B00QIUGZNM/ref=dp_olp_new?ie=UTF8&amp;condition=new,0,-,-,-,-,"Disponibile presso questi venditori.",-,0,-,"2018-04-17 23:06:12"
B072BNDG3T,it,"Venduto e spedito da Top Cialde.",/gp/offer-listing/B072BNDG3T/ref=dp_olp_new?ie=UTF8&amp;condition=new,"141,80","EUR ","Ricevilo entro 21 - 26 apr. con la modalità Spedizione standard . Dettagli"," Spedizione GRATUITA",-,"Disponibilità immediata.",-,0,-,"2018-04-17 23:06:24"
B01F54D4YY,it,"Venduto e spedito da Desy Store.",/gp/offer-listing/B01F54D4YY/ref=dp_olp_new?ie=UTF8&amp;condition=new,"57,00","EUR ","Ricevilo entro 19 - 20 apr. con la modalità Express . Dettagli"," Spedizione GRATUITA",-,"Disponibilità: solo 1","Taglia:3 Dal gusto equilibrato e rotondo, corposo, cremoso e perfettamente tostato.",0,-,"2018-04-17 23:06:37"
B076CMVBY7,it,"Venduto e spedito da 3P SHOP.",/gp/offer-listing/B076CMVBY7/ref=dp_olp_new?ie=UTF8&amp;condition=new,"125,00","EUR ","Ricevilo entro 21 - 26 apr. con la modalità Spedizione standard . Dettagli"," Spedizione GRATUITA",-,"Disponibilità immediata.",-,0,-,"2018-04-17 23:09:37"
B076CMG86K,it,"Venduto e spedito da 3P SHOP.",/gp/offer-listing/B076CMG86K/ref=dp_olp_new?ie=UTF8&amp;condition=new,"32,60","EUR ","Ricevilo entro 21 - 26 apr. con la modalità Spedizione standard . Dettagli"," Spedizione GRATUITA",-,"Disponibilità immediata.",-,0,-,"2018-04-17 23:09:49"
B076CL36Y4,it,"Venduto e spedito da 3P SHOP.",/gp/offer-listing/B076CL36Y4/ref=dp_olp_new?ie=UTF8&amp;condition=new,"67,80","EUR ","Ricevilo entro 21 - 26 apr. con la modalità Spedizione standard . Dettagli"," Spedizione GRATUITA",-,"Disponibilità immediata.",-,0,-,"2018-04-17 23:10:00"
B076CKDTB1,it,"Venduto e spedito da 3P SHOP.",/gp/offer-listing/B076CKDTB1/ref=dp_olp_new?ie=UTF8&amp;condition=new,"125,00","EUR ","Ricevilo entro 21 - 26 apr. con la modalità Spedizione standard . Dettagli"," Spedizione GRATUITA",-,"Disponibilità immediata.",-,0,-,"2018-04-17 23:10:12"
B076CJR8JY,it,"Venduto e spedito da 3P SHOP.",/gp/offer-listing/B076CJR8JY/ref=dp_olp_new?ie=UTF8&amp;condition=new,"57,20","EUR ","Ricevilo entro 21 - 26 apr. con la modalità Spedizione standard . Dettagli"," Spedizione GRATUITA",-,"Disponibilità immediata.",-,0,-,"2018-04-17 23:10:23"
B01N8UFEPR,it,"Venduto e spedito da ORMEOUTLET.",/gp/offer-listing/B00QIUGT0Q/ref=dp_olp_new?ie=UTF8&amp;condition=new,"50,00","EUR ","Ricevilo entro 23 - 28 apr. con la modalità Spedizione standard . Dettagli"," Spedizione GRATUITA",-,"Disponibilità immediata.","La perfetta miscela per i palati più esigenti, per chi ama un caffè dal gusto corposo e cremoso. Frutto del mix perfetto ed accurato che conbina insieme la qualità Arabica e quella robusta con il giusto livello di tostatura. La particolare cura per i tempi di cottura e per la tostatura, garantisce un caffè dal carattere inimitabile e dal gusto pieno. La miscela blu Caffe Borbone è un caffè compatto, equilibrato, cremoso e denso.",0,-,"2018-04-17 23:11:41"
B076CJQYKG,it,"Venduto e spedito da 3P SHOP.",/gp/offer-listing/B076CJQYKG/ref=dp_olp_new?ie=UTF8&amp;condition=new,"34,60","EUR ","Ricevilo entro 21 - 26 apr. con la modalità Spedizione standard . Dettagli"," Spedizione GRATUITA",-,"Disponibilità immediata.",-,0,-,"2018-04-17 23:12:53"
B01CGOAI5Y,it,"Venduto e spedito da ORMEOUTLET.",/gp/offer-listing/B01CGOAI5Y/ref=dp_olp_new?ie=UTF8&amp;condition=new,"145,60","EUR ","Ricevilo entro 23 - 28 apr. con la modalità Spedizione standard . Dettagli"," Spedizione GRATUITA",-,"Disponibilità immediata.",-,0,-,"2018-04-17 23:13:00"
B076CHYGB9,it,"Venduto e spedito da 3P SHOP.",/gp/offer-listing/B076CHYGB9/ref=dp_olp_new?ie=UTF8&amp;condition=new,"43,50","EUR ","Ricevilo entro 21 - 26 apr. con la modalità Spedizione standard . Dettagli"," Spedizione GRATUITA",-,"Disponibilità immediata.",-,0,-,"2018-04-17 23:13:04"
B01CGLADYI,it,"Venduto e spedito da ORMEOUTLET.",/gp/offer-listing/B01CGLADYI/ref=dp_olp_new?ie=UTF8&amp;condition=new,"126,20","EUR ","Ricevilo entro 23 - 28 apr. con la modalità Spedizione standard . Dettagli"," Spedizione GRATUITA",-,"Disponibilità immediata.",-,0,-,"2018-04-17 23:13:12"
B076CHV1GR,it,"Venduto e spedito da 3P SHOP.",/gp/offer-listing/B076CHV1GR/ref=dp_olp_new?ie=UTF8&amp;condition=new,"23,50","EUR ","Ricevilo entro 21 - 26 apr. con la modalità Spedizione standard . Dettagli"," Spedizione GRATUITA",-,"Disponibilità immediata.",-,0,-,"2018-04-17 23:15:33"
B01N7JLOR7,it,,/gp/offer-listing/B01N7JLOR7/ref=dp_olp_new?ie=UTF8&amp;condition=new,0,-,-,-,-,"Disponibile presso questi venditori.","5x50 capsule Borbone Respresso DEGUSTAZIONE 50 NERA, 50 BLU, 50 RED, 50 ORO,50 DEK compatibili Nespresso",0,-,"2018-04-17 23:18:15"
B01D8VKB10,it,,-,0,-,-,-,-,"Attualmente non disponibile. Ancora non sappiamo quando l'articolo sarà di nuovo disponibile.","Descrizione Cialde espresso oro g108 Borbone Ingredienti caffè Visualizza tutta la Descrizione prodotto",0,-,"2018-04-17 23:18:45"
B016MX18HW,it,"Venduto e spedito da 3P SHOP.",/gp/offer-listing/B016MX18HW/ref=dp_olp_new?ie=UTF8&amp;condition=new,"83,80","EUR ","Ricevilo entro 21 - 26 apr. con la modalità Spedizione standard . Dettagli"," Spedizione GRATUITA",-,"Disponibilità immediata.","CAPSULE DON CARLO MISCELA DEK COMPATIBILITA A MODO MIO",0,-,"2018-04-17 23:20:15"
B076CH655V,it,"Venduto e spedito da 3P SHOP.",/gp/offer-listing/B076CH655V/ref=dp_olp_new?ie=UTF8&amp;condition=new,"63,20","EUR ","Ricevilo entro 21 - 26 apr. con la modalità Spedizione standard . Dettagli"," Spedizione GRATUITA",-,"Disponibilità immediata.",-,0,-,"2018-04-17 23:20:19"
B076CH2TK9,it,"Venduto e spedito da 3P SHOP.",/gp/offer-listing/B076CH2TK9/ref=dp_olp_new?ie=UTF8&amp;condition=new,"75,80","EUR ","Ricevilo entro 21 - 26 apr. con la modalità Spedizione standard . Dettagli"," Spedizione GRATUITA",-,"Disponibilità immediata.",-,0,-,"2018-04-17 23:20:30"
B00QIUNXFU,it,"Venduto e spedito da ORMEOUTLET.",/gp/offer-listing/B00QIUNXFU/ref=dp_olp_new?ie=UTF8&amp;condition=new,"218,00","EUR ","Ricevilo entro 23 - 28 apr. con la modalità Spedizione standard . Dettagli"," Spedizione GRATUITA",-,"Disponibilità immediata.","1200 Cialde Miscela Dek",0,-,"2018-04-17 23:26:14"
B00QIUGCS0,it,"Venduto e spedito da ORMEOUTLET.",/gp/offer-listing/B00QIUGCS0/ref=dp_olp_new?ie=UTF8&amp;condition=new,"57,20","EUR ","Ricevilo entro 23 - 28 apr. con la modalità Spedizione standard . Dettagli"," Spedizione GRATUITA",-,"Disponibilità immediata.","COMPATIBILI CON: CITIZ, ESSENZA, PIXIE, ESPRESSINA, ESPRESSO1882 POLTI, KRUPS INISSIA",0,-,"2018-04-17 23:26:31"
B076CG9WH3,it,"Venduto e spedito da 3P SHOP.",/gp/offer-listing/B076CG9WH3/ref=dp_olp_new?ie=UTF8&amp;condition=new,"104,40","EUR ","Ricevilo entro 21 - 26 apr. con la modalità Spedizione standard . Dettagli"," Spedizione GRATUITA",-,"Disponibilità immediata.",-,0,-,"2018-04-17 23:28:25"
B0733BS7BJ,it,"Venduto e spedito da Amazon. Confezione regalo disponibile.",/gp/offer-listing/B01BBW9Q46/ref=dp_olp_new?ie=UTF8&amp;condition=new,"18,50","EUR ","Vuoi riceverlo giovedì 19 apr.? Ordina entro 9 ore e 1 min e scegli la spedizione 1 giorno. Dettagli",-,"Spedizione GRATUITA per ordini superiori a EUR 29. Maggiori informazioni","Disponibilità immediata.","Nome stile:Miscela Rossa Descrizione caffè Ingredienti Caffè Visualizza tutta la Descrizione prodotto",1,"Descrizione Prodotto Miscela Rossa Forte, decisa, corposa e dal gusto netto, giusta per darvi una carica d&#039;energia. Leggi di più Caffè Borbone Caffe Borbone miscela rossa è nato per chi ama un caffè robusto e denso, dal sapore forte e deciso, insomma per chi vuole dal caffè una carica di energia. Leggi di più Caratteristiche: Tipologia: Monodose/Filtro Peso netto minimo: 7,2 g Confezionamento: atmosfera protettiva in film alluminio triplice strato Ottimo caffè Il gusto robusto ed intenso nasce dal dosaggio accuratamente studiato e quindi perfetto delle nostre migliori qualità di caffè. Leggi di più","2018-04-17 23:28:26"
B00QIUNUSU,it,"Venduto e spedito da DeraShop.",/gp/offer-listing/B00QIUNUSU/ref=dp_olp_new?ie=UTF8&amp;condition=new,"164,00","EUR ","Ricevilo entro 21 - 26 apr. con la modalità Spedizione standard . Dettagli"," Spedizione GRATUITA",-,"Disponibilità immediata.","900 Cialde Miscela Dek",0,-,"2018-04-17 23:28:44"
B00QIUNTRW,it,"Venduto e spedito da DeraShop.",/gp/offer-listing/B00QIUNTRW/ref=dp_olp_new?ie=UTF8&amp;condition=new,"137,00","EUR ","Ricevilo entro 21 - 26 apr. con la modalità Spedizione standard . Dettagli"," Spedizione GRATUITA",-,"Disponibilità immediata.","Caffè Borbone miscela verde è la giusta miscela per chi vuole l'espresso decaffeinato che risulti leggero per il palato, senza tuttavia rinunciare al gusto e alla robustezza tipici del vero buon caffè. Grazie alla tecnologia di Caffè Borbone questa miscela conserva tutte le caratteristiche di un ottimo caffè napoletano quali cremosità robustezza e corposità in tazza.",0,-,"2018-04-17 23:28:56"
B0711KPV3R,it,,/gp/offer-listing/B01N4G2O9J/ref=dp_olp_new?ie=UTF8&amp;condition=new,0,-,-,-,-,"Disponibile presso questi venditori.","La massima espressione della tradizione napoletana, gusto pieno e persistente. Disponibile in: cialde, capsule. MACCHINE COMPATIBILI: Piccina - Saeco Extra - Saeco Favola - Electrolux Minù - Lavazza Minù caffè latte - Lavazza Espressgo - Lavazza Espria Ebony - Lavazza Magia - Lavazza NON COMPATIBILE CON: Como cup - Agostani Ep2100 - Lavazza Lb1000 - Lavazza Little - Agostani EP850 - Lavazza LB850 - Lavazza EL3200 - Lavazza Inox - Lavazza ECL 101 - Lavazza Espresso e cappuccino - Lavazza",0,-,"2018-04-17 23:29:01"
B00QIUNNSC,it,"Venduto e spedito da ORMEOUTLET.",/gp/offer-listing/B00QIUNNSC/ref=dp_olp_new?ie=UTF8&amp;condition=new,"218,00","EUR ","Ricevilo entro 23 - 28 apr. con la modalità Spedizione standard . Dettagli"," Spedizione GRATUITA",-,"Disponibilità immediata.","1200 Cialde Miscela Oro",0,-,"2018-04-17 23:29:18"
B00QIUGZNM,it,,/gp/offer-listing/B00QIUGZNM/ref=dp_olp_new?ie=UTF8&amp;condition=new,0,-,-,-,-,"Disponibile presso questi venditori.",-,0,-,"2018-04-17 23:29:23"
B072HTNTXF,it,"Venduto e spedito da 3P SHOP.",/gp/offer-listing/B072HTNTXF/ref=dp_olp_new?ie=UTF8&amp;condition=new,"166,20","EUR ","Ricevilo entro 21 - 26 apr. con la modalità Spedizione standard . Dettagli"," Spedizione GRATUITA",-,"Disponibilità immediata.",-,0,-,"2018-04-17 23:29:27"
B00QIUNKBC,it,"Venduto e spedito da DeraShop.",/gp/offer-listing/B00QIUNKBC/ref=dp_olp_new?ie=UTF8&amp;condition=new,"137,00","EUR ","Ricevilo entro 21 - 26 apr. con la modalità Spedizione standard . Dettagli"," Spedizione GRATUITA",-,"Disponibilità immediata.","750 Cialde Miscela Oro",0,-,"2018-04-17 23:29:30"
B071FY92N4,it,,/gp/offer-listing/B071FY92N4/ref=dp_olp_new?ie=UTF8&amp;condition=new,0,-,-,-,-,"Disponibile presso questi venditori.","3x50 capsule Borbone Don Carlo DEGUSTAZIONE 50 NERA, 50 BLU E 50 RED compatibili a modo mio",0,-,"2018-04-17 23:31:06"
B01C09OJYQ,it,"Venduto da DAMBRO e spedito da Amazon. Confezione regalo disponibile.",/gp/offer-listing/B01N6MGQBU/ref=dp_olp_new?ie=UTF8&amp;condition=new,"16,80","EUR ","Vuoi riceverlo giovedì 19 apr.? Ordina entro 8 ore e 58 min e scegli la spedizione 1 giorno. Dettagli",-,"Spedizione GRATUITA per ordini superiori a EUR 29. Maggiori informazioni","Disponibilità: solo 9","Caffè Borbone miscela verde è la giusta miscela per chi vuole l'espresso decaffeinato che risulti leggero per il palato, senza tuttavia rinunciare al gusto e alla robustezza tipici del vero buon caffè. Grazie alla tecnologia di Caffè Borbone questa miscela conserva tutte le caratteristiche di un ottimo caffè napoletano quali cremosità robustezza e corposità in tazza. Confezioni disponibili:   50 Capsule ? 11,50 (0,23/capsula) Compatibili Sistema Nespresso* Respresso è il nome delle capsule Borbone compatibili Nespresso*, appositamente realizzate per funzionare sulle migliori macchinette da caffè Nespresso*, come ad esempio le macchine Citiz, Essenza, Inissia, Pixie.  *Nespresso ® è un marchio registrato di SOCIETÈ DES PRODUITS NESTLÈ S.A La produzione di queste capsule è autonoma non collegata né direttamente né indirettamente alla SOCIETÈ DES PRODUITS NESTLÈ S.A . La compatibilità di queste capsule è funzionale all'utilizzo sulle macchine Nespresso ® e non sostituisce l'utilizzo delle capsule originali prodotte da SOCIETÈ DES PRODUITS NESTLÈ S.A .",0,-,"2018-04-17 23:31:18"
B010TQYHDA,it,"Venduto e spedito da ORMEOUTLET.",/gp/offer-listing/B010TQYHDA/ref=dp_olp_new?ie=UTF8&amp;condition=new,"51,20","EUR ","Ricevilo entro 23 - 28 apr. con la modalità Spedizione standard . Dettagli"," Spedizione GRATUITA",-,"Disponibilità immediata.","Forte, decisa, corposa e dal gusto netto, perfetta per una carica d'energia! Disponibile in: cialde, capsule. MACCHINE COMPATIBILI: Piccina - Saeco Extra - Saeco Favola - Electrolux Minù - Lavazza Minù caffè latte - Lavazza Espressgo - Lavazza Espria Ebony - Lavazza Magia - Lavazza NON COMPATIBILE CON: Como cup - Agostani Ep2100 - Lavazza Lb1000 - Lavazza Little - Agostani EP850 - Lavazza LB850 - Lavazza EL3200 - Lavazza Inox - Lavazza ECL 101 - Lavazza Espresso e cappuccino - Lavazza",0,-,"2018-04-17 23:33:59"
B00XTBA7FK,it,"Venduto e spedito da Amazon. Confezione regalo disponibile.",/gp/offer-listing/B00XTBA7FK/ref=dp_olp_new?ie=UTF8&amp;condition=new,"17,67","EUR ","Vuoi riceverlo giovedì 19 apr.? Ordina entro 8 ore e 55 min e scegli la spedizione 1 giorno. Dettagli",-,"Spedizione GRATUITA per ordini superiori a EUR 29. Maggiori informazioni","Disponibilità immediata.","Descrizione Capsule esclusivamente per macchina caffè espresso e altre bevande NESCAFÉ DOLCE GUSTO. NESCAFÉ DOLCE GUSTO è l'unico sistema multibevanda che ti permette di gustare più di 30 bevande calde e fredde tutte senza glutine. Puoi scegliere tra caffé espressi, caffé lunghi, cappuccino, latte macchiato, té, cioccolata e molto altro. Grazie a NESCAFÉ DOLCE GUSTO diventi artista della tua pausa caffé! Contenuto della confezione caffè espresso, 48 capsule",1,"Descrizione Prodotto NESCAFÉ Dolce Gusto Espresso Buondì Ingrandisci immagine Leggi di più Ingrandisci immagine Intensità Se il buongiorno si vede dal mattino, non sbagliare! Scegli Buondi Caffè, per cominciare la giornata con allegria e vitalità. Il nostro sistema ad alta pressione (fino a 15 bar) ti permetterà di ottenere un caffè di eccellente qualità e una crema gustosa e vellutata. Leggi di più Ingrandisci immagine La freschezza Le capsule sigillate ermeticamente preservano la freschezza del caffè per permetterti di gustarne ogni volta che vorrai l&#039;aroma ed il gusto pieno. Inserisci semplicemente la tua capsula di Buondi Caffè nella tua macchina NESCAFÉ Dolce Gusto. Il tuo caffè sarà subito pronto da gustare. Leggi di più","2018-04-17 23:34:11"
B0722W2VCF,it,"Venduto e spedito da 3P SHOP.",/gp/offer-listing/B0722W2VCF/ref=dp_olp_new?ie=UTF8&amp;condition=new,"104,40","EUR ","Ricevilo entro 21 - 26 apr. con la modalità Spedizione standard . Dettagli"," Spedizione GRATUITA",-,"Disponibilità immediata.",-,0,-,"2018-04-17 23:34:13"
B00BV6QV2I,it,"Venduto e spedito da Amazon. Confezione regalo disponibile.",/gp/offer-listing/B00BV6QV2I/ref=dp_olp_new?ie=UTF8&amp;condition=new,"15,50","EUR ","Il prodotto può essere consegnato in Regno Unito (isola principale) . Dettagli",-,"Spedizione GRATUITA per ordini superiori a EUR 29. Maggiori informazioni","Disponibilità immediata.","Descrizione NESCAFÉ DOLCE GUSTO CORTADO ESPRESSO MACCHIATO Caffè macchiato 3 confezioni da 16 capsule (48 capsule) Ingredienti Capsula bianca (15.1g): latte scremato in polvere, zucchero (17%), emulsionante (lecitina di soia). Capsula nera (6 g): caffè tostato e macinato Visualizza tutta la Descrizione prodotto",1,"Descrizione Prodotto Ingrandisci immagine Leggi di più Ingrandisci immagine NESCAFÉ Dolce Gusto Cortado Scopri NESCAFÉ Dolce Gusto Cortado, un espresso equilibrato arricchito da una soffice schiuma. Assapora l&#039;aroma del caffè tostato unito al cremoso latte intero. Leggi di più Ingrandisci immagine Ingrandisci immagine Ingrandisci immagine I nostri esperti coffee creator hanno miscelato gli intensi chicchi di Robusta e Arabica dall&#039;aroma fruttato, creando l&#039;aromatica e corposa tazzina del NESCAFÉ Dolce Gusto Cortado. Il nostro sistema ad alta pressione (fino a 15 bar) ti permetterà di ottenere un caffè di eccellente qualità e una schiuma gustosa e vellutata. Le capsule sigillate ermeticamente preservano la freschezza del caffè per permetterti di gustarne ogni volta che vorrai l&#039;aroma ed il gusto pieno. Leggi di più Ingrandisci immagine Ingrandisci immagine Ingrandisci immagine Inserisci semplicemente una capsula di Cortado nella macchina NESCAFÉ Dolce Gusto. Il tuo caffè sarà subito pronto da gustare. Prova le oltre 30 creazioni di alta qualità a base di caffè: dalla gamma di intensi Espressi e corposi Caffè Lunghi, passando per cremosi Cappuccini, Cioccolate calde, Tè, bevande fredde e molto altro. La confezione contiene 16 capsule ideate per il sistema di macchine NESCAFÉ Dolce Gusto con cui potrai preparare 16 Cortado. Leggi di più","2018-04-17 23:34:14"
B071YZPGP4,it,"Venduto e spedito da DeraShop.",/gp/offer-listing/B071YZPGP4/ref=dp_olp_new?ie=UTF8&amp;condition=new,"131,60","EUR ","Ricevilo entro 21 - 26 apr. con la modalità Spedizione standard . Dettagli"," Spedizione GRATUITA",-,"Disponibilità immediata.",-,0,-,"2018-04-17 23:34:25"
B0013USA1M,it,,/gp/offer-listing/B0013USA1M/ref=dp_olp_new?ie=UTF8&amp;condition=new,0,-,-,-,-,"Disponibile presso questi venditori.","Taglia:96 Cialde Descrizione Capsule esclusivamente per macchina caffè espresso e altre bevande NESCAFÉ DOLCE GUSTO. NESCAFÉ DOLCE GUSTO è l'unico sistema multibevanda che ti permette di gustare più di 30 bevande calde e fredde tutte senza glutine. Puoi scegliere tra caffé espressi, caffé lunghi, cappuccino, latte macchiato, té, cioccolata e molto altro. Grazie a NESCAFÉ DOLCE GUSTO diventi artista della tua pausa caffé! Contenuto della confezione cappuccino, 96 capsule",1,"Descrizione Prodotto NESCAFÉ Dolce Gusto Cappuccino Ingrandisci immagine Leggi di più Ingrandisci immagine Caffè di eccellente qualità I nostri esperti coffee creator hanno perfezionato la ricetta del NESCAFÉ Dolce Gusto Cappuccino, che si prepara con due capsule: una contenente caffè torrefatto e macinato e una latte intero in polvere. Leggi di più Ingrandisci immagine La freschezza dell&#039;aroma Le capsule sigillate ermeticamente preservano la freschezza del caffè per permetterti di gustarne ogni volta che vorrai l&#039;aroma ed il gusto pieno. Inserisci semplicemente la capsula del latte e poi quella del caffè nella tua macchina NESCAFÉ Dolce Gusto. Il tuo cappuccino sarà subito pronto da gustare. Leggi di più","2018-04-17 23:36:26"
B0733BQ3PY,it,,/gp/offer-listing/B01F54AZH8/ref=dp_olp_new?ie=UTF8&amp;condition=new,0,-,-,-,-,"Disponibile presso questi venditori.","Taglia:1 Orzo accuratamente controllato e selezionato, raccolto a mano da piantagioni controllate.",0,-,"2018-04-17 23:36:48"
B071CGK7HK,it,,-,0,-,-,-,-,"Attualmente non disponibile. Ancora non sappiamo quando l'articolo sarà di nuovo disponibile.","Descrizione Caps espresso oro g7X10 BORBONE Ingredienti caffè Visualizza tutta la Descrizione prodotto",0,-,"2018-04-17 23:36:54"
B01INK2Y70,it,,/gp/offer-listing/B01INK2Y70/ref=dp_olp_new?ie=UTF8&amp;condition=new,0,-,-,-,-,"Disponibile presso questi venditori.","Caffè Borbone miscela blu è la miscela giusta per palati decisi ed esigenti, per chi preferisce un caffè dal gusto corposo e cremoso. Nasce da un dosaggio perfetto ed accurato che miscela insieme la qualità Arabica e quella Robusta con il giusto livello di tostatura. L'attenzione particolare per la tostatura e per i tempi di cottura permette di ottenere un caffè pieno di gusto e dal carattere deciso ed inimitabile. La miscela blu Caffe Borbone è un caffè denso, cremoso, compatto e equilibrato.",0,-,"2018-04-17 23:37:00"
B01ELJ5JPQ,it,"Venduto da Marketnet e spedito da Amazon. Confezione regalo disponibile.",/gp/offer-listing/B01ELJ5JPQ/ref=dp_olp_new?ie=UTF8&amp;condition=new,"12,80","EUR ","Vuoi riceverlo giovedì 19 apr.? Ordina entro 8 ore e 51 min e scegli la spedizione 1 giorno. Dettagli",-,"Spedizione GRATUITA per ordini superiori a EUR 29. Maggiori informazioni","Disponibilità: solo 2","Caffè Borbone miscela nera è la miscela giusta per palati che preferiscono apprezzare, oltre all'aroma, anche la cremosità del caffè in tazza. A rendere eccellente tale miscela per gusto, aroma e cremosità contribuiscono sia l' equilibrato dosaggio tra la percentuale di Arabica e quella di Robusta sia il perfetto grado di tostatura sia il giusto periodo di stagionatura in magazzino.",0,-,"2018-04-17 23:38:46"
B00QIUH9BE,it,"Venduto e spedito da ORMEOUTLET.",/gp/offer-listing/B00QIUH9BE/ref=dp_olp_new?ie=UTF8&amp;condition=new,"84,00","EUR ","Ricevilo entro 23 - 28 apr. con la modalità Spedizione standard . Dettagli"," Spedizione GRATUITA",-,"Disponibilità immediata.","Caffè Borbone miscela verde è la giusta miscela per chi vuole l'espresso decaffeinato che risulti leggero per il palato, senza tuttavia rinunciare al gusto e alla robustezza tipici del vero buon caffè. Grazie alla tecnologia di Caffè Borbone questa miscela conserva tutte le caratteristiche di un ottimo caffè napoletano quali cremosità robustezza e corposità in tazza.",0,-,"2018-04-17 23:38:50"
B0711JBP87,it,"Venduto e spedito da DeraShop.",/gp/offer-listing/B0711JBP87/ref=dp_olp_new?ie=UTF8&amp;condition=new,"166,20","EUR ","Ricevilo entro 21 - 26 apr. con la modalità Spedizione standard . Dettagli"," Spedizione GRATUITA",-,"Disponibilità immediata.",-,0,-,"2018-04-17 23:39:23"
B0711J8GRN,it,"Venduto e spedito da DeraShop.",/gp/offer-listing/B0711J8GRN/ref=dp_olp_new?ie=UTF8&amp;condition=new,"94,40","EUR ","Ricevilo entro 21 - 26 apr. con la modalità Spedizione standard . Dettagli"," Spedizione GRATUITA",-,"Disponibilità immediata.",-,0,-,"2018-04-17 23:39:35"
B06XSMCD3X,it,"Venduto e spedito da ORMEOUTLET.",/gp/offer-listing/B06XSMCD3X/ref=dp_olp_new?ie=UTF8&amp;condition=new,"63,80","EUR ","Ricevilo entro 23 - 28 apr. con la modalità Spedizione standard . Dettagli"," Spedizione GRATUITA",-,"Disponibilità immediata.",B,0,-,"2018-04-17 23:39:47"
B06XRJG3TZ,it,"Venduto e spedito da ORMEOUTLET.",/gp/offer-listing/B06XRJG3TZ/ref=dp_olp_new?ie=UTF8&amp;condition=new,"51,20","EUR ","Ricevilo entro 23 - 28 apr. con la modalità Spedizione standard . Dettagli"," Spedizione GRATUITA",-,"Disponibilità immediata.",-,0,-,"2018-04-17 23:39:59"
B01NA9KE7G,it,"Venduto e spedito da ORMEOUTLET.",/gp/offer-listing/B01NA9KE7G/ref=dp_olp_new?ie=UTF8&amp;condition=new,"110,00","EUR ","Ricevilo entro 23 - 28 apr. con la modalità Spedizione standard . Dettagli"," Spedizione GRATUITA",-,"Disponibilità immediata.","La miscela ideale per chi desidera gustare un espresso decaffeinato leggero per il palato, senza tuttavia rinunciare al gusto e alla robustezza tipici del vero caffè. Grazie alla tecnologia di Caffè Borbone questa miscela conserva davvero tutte le caratteristiche di un ottimo caffè espresso, quali corposità, robustezza e cremosità in tazza.",0,-,"2018-04-17 23:40:10"
B01N9CC56A,it,,-,0,-,-,-,-,"Attualmente non disponibile. Ancora non sappiamo quando l'articolo sarà di nuovo disponibile.",-,0,-,"2018-04-17 23:40:21"
B01F54AZH8,it,,/gp/offer-listing/B01F54AZH8/ref=dp_olp_new?ie=UTF8&amp;condition=new,0,-,-,-,-,"Disponibile presso questi venditori.","Taglia:1 Orzo accuratamente controllato e selezionato, raccolto a mano da piantagioni controllate.",0,-,"2018-04-17 23:41:15"
B01N8UELGN,it,,/gp/offer-listing/B01N8UELGN/ref=dp_olp_new?ie=UTF8&amp;condition=new,0,-,-,-,-,"Disponibile presso questi venditori.","La miscela perfetta per chi non sa rinunciare al gusto del classico e inimitabile espresso napoletano, arricchito da una piacevole consistenza cremosa e soffice. Il dosaggio equilibrato di qualità Arabica e qualità Robusta, nonchè il giusto livello di tostatura rendono questa miscela davvero unica, proprio come l'intramontabile espresso napoletano.",0,-,"2018-04-17 23:41:27"
B01EG3E3P4,it,"Venduto e spedito da CAFFE MENDOSA.",/gp/offer-listing/B01EG3E3P4/ref=dp_olp_new?ie=UTF8&amp;condition=new,"52,99","EUR ","Ricevilo entro 21 - 26 apr. con la modalità Spedizione standard . Dettagli"," Spedizione GRATUITA",-,"Disponibilità immediata.","6kg di caffe in grani rossa 6 pacchi da 1 kilo",0,-,"2018-04-17 23:42:51"
B01CGQ0NT8,it,"Venduto e spedito da DeraShop.",/gp/offer-listing/B01CGQ0NT8/ref=dp_olp_new?ie=UTF8&amp;condition=new,"166,20","EUR ","Ricevilo entro 21 - 26 apr. con la modalità Spedizione standard . Dettagli"," Spedizione GRATUITA",-,"Disponibilità immediata.",-,0,-,"2018-04-17 23:43:03"
B01CGPX53A,it,"Venduto e spedito da DeraShop.",/gp/offer-listing/B01CGPX53A/ref=dp_olp_new?ie=UTF8&amp;condition=new,"145,60","EUR ","Ricevilo entro 21 - 26 apr. con la modalità Spedizione standard . Dettagli"," Spedizione GRATUITA",-,"Disponibilità immediata.",-,0,-,"2018-04-17 23:43:14"
B01NBPMGBJ,it,,/gp/offer-listing/B01NBPMGBJ/ref=dp_olp_new?ie=UTF8&amp;condition=new,0,-,-,-,-,"Disponibile presso questi venditori.","Il giusto equilibrio tra la percentuale di qualità Arabica e la percentuale di qualità Robusta, associato ad un perfetto grado di tostatura oltre che ad un giusto periodo di stagionatura in magazzino ci consente di presentare ai nostri clienti una miscela eccellente per gusto, aroma e cremosità in tazza. Miscela di pregiate qualità di caffè, torrefatto, macinato e confezionato in atmosfera protettiva. Disponibile in: cialde, capsule.",0,-,"2018-04-17 23:43:57"
B01375R2LY,it,"Venduto e spedito da DeraShop.",/gp/offer-listing/B01375R2LY/ref=dp_olp_new?ie=UTF8&amp;condition=new,"122,00","EUR ","Ricevilo entro 21 - 26 apr. con la modalità Spedizione standard . Dettagli"," Spedizione GRATUITA",-,"Disponibilità immediata.","Quantità confezioni articolo:900 Cialde ESE 44 mm in Carta Caffe' Borbone in confezioni da 150 cialde. Miscela di caffè racchiusa in cialda di carta standard ESE 44 millimetri compatibile con la maggior parte delle macchine a cialde in carta in circolazione Ma con eccezioni da leggere sotto nella spiegazione *Elenco compatibilita'. *Elenco compatibilita': Compatibilità: Cialda COMPATIBILE CON: - Macchine a Cialde di Carta formato standard ESE 44 mm (44 millimetri è l'equivalente del diametro del blocco di caffè nella cialda). Il formato ESE 44 è il formato di cialde in carta più diffuso in assoluto, la maggioranza delle macchine in commercio in Italia a cialde in carta utilizzano questo formato tra cui anche le famose Mokona Trio e Tazzona Trio della Bialetti, Didiesse Frog, Capitani, RDL, Kimbo Konsuelo, ecc.. Cialda NON COMPATIBILE CON: - Tutte le macchine da caffè che utilizzano formati diversi dallo standard ESE 44mm (ad esempio cialde da 38mm o da 56mm) Cialde filtrocarta 44mm ESE caffè Borbone miscela ROSSA Caffè forte, deciso, corposo e dal gusto netto, giusto per darvi una carica d'energia. Caratteristiche Espresso napoletano corposo ed energico Tipologia: cialde filtrocarta 44mm ESE Peso netto: 7 gr Confezionamento: Atmosfera protettiva in film alluminio triplice strato, scatole da 150 cialde SCADENZA MINIMO 12 MESI PRODUZIONE ITALIA.",0,-,"2018-04-17 23:44:04"
B00QIUG6PE,it,,/gp/offer-listing/B00QIUG6PE/ref=dp_olp_new?ie=UTF8&amp;condition=new,0,-,-,-,-,"Disponibile presso questi venditori.","300 capsule Respresso monodose caffè Borbone Caffè Borbone... REspresso! Le inconfondibili miscele Borbone per voi amanti del caffè in comode capsule compatibili per le macchine Nespresso. Per gustare un ottimo caffè, sempre! Adattabile alle più comuni macchine per capsule come: -De Longhi-Krups -Citi -Lattissima -Pixi -Essenza.. Scadenza minimo 12 mesi. Acquista più oggetti e paghi sempre una sola spedizione !!! Per una consegna più precisa è consigliabile lasciare un recapito telefonico, Nel caso in cui gli oggetti acquistati presentassero qualche problema o non siete soddisfatti, non esitate a contattarci !!!. I costi di spedizione, ove previsti e non, fanno riferimento al territorio Italiano mentre sono calcolati in base al peso per Paesi esteri. Per il contrassegno + 5,00 € Capsule Respresso Tipologia: Monodose Peso netto: 5,5 gr Confezionamento: Atmosfera protettiva in film alluminio triplice strato Scadenza: 24 mesi dalla produzione Confezionamento da 100 pz per scatola",0,-,"2018-04-17 23:44:09"
B01CGOAI5Y,it,"Venduto e spedito da ORMEOUTLET.",/gp/offer-listing/B01CGOAI5Y/ref=dp_olp_new?ie=UTF8&amp;condition=new,"145,60","EUR ","Ricevilo entro 23 - 28 apr. con la modalità Spedizione standard . Dettagli"," Spedizione GRATUITA",-,"Disponibilità immediata.",-,0,-,"2018-04-17 23:45:44"
B0713MGL9M,it,"Venduto e spedito da breakshop.",/gp/offer-listing/B0713MGL9M/ref=dp_olp_new?ie=UTF8&amp;condition=new,"19,90","EUR ","Il venditore selezionato per questo prodotto non spedisce in Regno Unito (isola principale) . Maggiori informazioni"," Spedizione GRATUITA",-,"Disponibilità immediata.","Ideata per chi ama un caffè denso e robusto, dal sapore deciso e forte, dunque per chi desidera dal caffè la giusta carica d'energia. Il gusto intenso e robusto nasce da uno studio accurato che ha permesso il perfetto dosaggio delle nostre migliori qualità di caffè.",0,-,"2018-04-17 23:46:34"
B00S8KB2OM,it,,/gp/offer-listing/B00S8KB2OM/ref=dp_olp_new?ie=UTF8&amp;condition=new,0,-,-,-,-,"Disponibile presso questi venditori.","La Miscela Rossa di Borbone è Forte, decisa, corposa e dal gusto netto, perfetta per una carica d'energia!",0,-,"2018-04-17 23:46:46"
B01CGJU4QW,it,"Venduto e spedito da ORMEOUTLET.",/gp/offer-listing/B01CGJU4QW/ref=dp_olp_new?ie=UTF8&amp;condition=new,"131,60","EUR ","Ricevilo entro 23 - 28 apr. con la modalità Spedizione standard . Dettagli"," Spedizione GRATUITA",-,"Disponibilità immediata.",-,0,-,"2018-04-17 23:48:13"
B01BWOW2LW,it,"Venduto e spedito da ORMEOUTLET.",/gp/offer-listing/B01BWOW2LW/ref=dp_olp_new?ie=UTF8&amp;condition=new,"110,60","EUR ","Ricevilo entro 23 - 28 apr. con la modalità Spedizione standard . Dettagli"," Spedizione GRATUITA",-,"Disponibilità immediata.",-,0,-,"2018-04-17 23:48:25"
B00QIUI7JC,it,,/gp/offer-listing/B00QIUI7JC/ref=dp_olp_new?ie=UTF8&amp;condition=new,0,-,-,-,-,"Disponibile presso questi venditori.","54 cialde di caffè al ginseng Borbone L'energia naturale del Ginseng incontra il gusto intenso e corposo del caffè, una piacevole pausa di benessere da concedersi in ogni momento della giornata Compatibile con tutte le macchine per caffè funzionanti con cialda in formato standard da 44 mm in carta ESE. Scadenza minimo 12 mesi. Acquista più oggetti e paghi sempre una sola spedizione !!! Per una consegna più precisa è consigliabile lasciare un recapito telefonico, Nel caso in cui gli oggetti acquistati presentassero qualche problema o non siete soddisfatti, non esitate a contattarci !!!. I costi di spedizione, ove previsti e non, fanno riferimento a territorio Italiano mentre sono calcolati in base al peso per Paesi esteri. Per il contrassegno + 5,00 €",0,-,"2018-04-17 23:48:55"
B01GWY2GFO,it,"Venduto e spedito da ORMEOUTLET.",/gp/offer-listing/B01GWY2GFO/ref=dp_olp_new?ie=UTF8&amp;condition=new,"42,60","EUR ","Ricevilo entro 23 - 28 apr. con la modalità Spedizione standard . Dettagli"," Spedizione GRATUITA",-,"Disponibilità immediata.","Taglia:200 La miscela perfetta per chi non sa rinunciare al gusto del classico e inimitabile espresso napoletano, arricchito da una piacevole consistenza cremosa e soffice. Il dosaggio equilibrato di qualità Arabica e qualità Robusta, nonchè il giusto livello di tostatura rendono questa miscela davvero unica, proprio come l'intramontabile espresso napoletano.",0,-,"2018-04-17 23:49:08"
B0733BS7BJ,it,"Venduto e spedito da Amazon. Confezione regalo disponibile.",/gp/offer-listing/B01BBW9Q46/ref=dp_olp_new?ie=UTF8&amp;condition=new,"18,50","EUR ","Vuoi riceverlo giovedì 19 apr.? Ordina entro 8 ore e 40 min e scegli la spedizione 1 giorno. Dettagli",-,"Spedizione GRATUITA per ordini superiori a EUR 29. Maggiori informazioni","Disponibilità immediata.","Nome stile:Miscela Rossa Descrizione caffè Ingredienti Caffè Visualizza tutta la Descrizione prodotto",1,"Descrizione Prodotto Miscela Rossa Forte, decisa, corposa e dal gusto netto, giusta per darvi una carica d&#039;energia. Leggi di più Caffè Borbone Caffe Borbone miscela rossa è nato per chi ama un caffè robusto e denso, dal sapore forte e deciso, insomma per chi vuole dal caffè una carica di energia. Leggi di più Caratteristiche: Tipologia: Monodose/Filtro Peso netto minimo: 7,2 g Confezionamento: atmosfera protettiva in film alluminio triplice strato Ottimo caffè Il gusto robusto ed intenso nasce dal dosaggio accuratamente studiato e quindi perfetto delle nostre migliori qualità di caffè. Leggi di più","2018-04-17 23:49:16"
